khoyles0,khoyles0@flavors.me,Karina,Hoyles,4Y9oJCn
pcoat1,pcoat1@blinklist.com,Perle,Coat,FglhWpN7b9i7
priddington2,priddington2@unc.edu,Phedra,Riddington,5xBnyM
creeder3,creeder3@nifty.com,Calypso,Reeder,jfvvRS
fmaccolgan4,fmaccolgan4@adobe.com,Fonz,MacColgan,HNecm3QyRG
eghost5,eghost5@nsw.gov.au,Elwira,Ghost,OnDWlxpKsZAX
acorbin6,acorbin6@google.es,Andrew,Corbin,diZo5so35
lgorring7,lgorring7@pbs.org,Lay,Gorring,R31MGG6
ecolbran8,ecolbran8@abc.net.au,Electra,Colbran,IcjsWSgz
rminard9,rminard9@yolasite.com,Rob,Minard,0bXUwCOQ
